[{"Total_Injured_Persons": null, "Total_Injured_Persons_Air": null, "Total_Injured_Persons_Bus_Occupants": null, "Total_Injured_Persons_Commuter_Carrier": null, "Total_Injured_Persons_Employee_Or_Worker": null, "Total_Injured_Persons_Freight_Vessel": null, "Total_Injured_Persons_Gas_Pipeline": null, "Total_Injured_Persons_General_Aviation": null, "Total_Injured_Persons_Hazardous_Liquid_Pipeline": null, "Total_Injured_Persons_Highway": null, "Total_Injured_Persons_Highway_Rail_Grade_Crossing": null, "Total_Injured_Persons_Highway_Rail_Grade_Crossing_Railroads": null, "Total_Injured_Persons_Industrial_Or_Other": null, "Total_Injured_Persons_Motorcyclists": null, "Total_Injured_Persons_On_Demand_Air_Taxi": null, "Total_Injured_Persons_Other_Counts": null, "Total_Injured_Persons_Other_Incident": null, "Total_Injured_Persons_Other_Incident_Transit": null, "Total_Injured_Persons_Other_Incidents": null, "Total_Injured_Persons_Other_Incidents_Railroads": null, "Total_Injured_Persons_Passenger_Car_Occupants": null, "Total_Injured_Persons_Passenger_Or_Occupant": null, "Total_Injured_Persons_Passenger_Vessel": null, "Total_Injured_Persons_Pedalcyclists": null, "Total_Injured_Persons_Pedestrians": null, "Total_Injured_Persons_Pipeline": null, "Total_Injured_Persons_Rail": null, "Total_Injured_Persons_Rail_Freight": null, "Total_Injured_Persons_Rail_Freight_Highway_Rail_Grade_Crossing": null, "Total_Injured_Persons_Rail_Freight_Other_Incidents": null, "Total_Injured_Persons_Rail_Freight_Train_Accidents": null, "Total_Injured_Persons_Rail_Freight_Trespassers": null, "Total_Injured_Persons_Rail_Road_Trespassers": null, "Total_Injured_Persons_Railroad": null, "Total_Injured_Persons_Railroad_Alone": null, "Total_Injured_Persons_Railroad_Train_Accidents": null, "Total_Injured_Persons_Recreational_Boating": 929, "Total_Injured_Persons_Train_Accidents_Rail_Roads": null, "Total_Injured_Persons_Transit_Non_Rail": null, "Total_Injured_Persons_Transit_Rail": null, "Total_Injured_Persons_Transit_Total": null, "Total_Injured_Persons_Trespassers": null, "Total_Injured_Persons_Truck_Occupants_Large": null, "Total_Injured_Persons_Truck_Occupants_Light": null, "Total_Injured_Persons_US_Air_Carrier": null, "Total_Injured_Persons_Water": null, "Total_Injured_Persons_Water_Not_Related_To_Vessel_Casualties": null, "Total_Injured_Persons_Water_Vessel_Related": null, "Year": "1960-01-04"},{"Total_Injured_Persons": null, "Total_Injured_Persons_Air": null, "Total_Injured_Persons_Bus_Occupants": null, "Total_Injured_Persons_Commuter_Carrier": null, "Total_Injured_Persons_Employee_Or_Worker": null, "Total_Injured_Persons_Freight_Vessel": null, "Total_Injured_Persons_Gas_Pipeline": null, "Total_Injured_Persons_General_Aviation": null, "Total_Injured_Persons_Hazardous_Liquid_Pipeline": null, "Total_Injured_Persons_Highway": null, "Total_Injured_Persons_Highway_Rail_Grade_Crossing": null, "Total_Injured_Persons_Highway_Rail_Grade_Crossing_Railroads": null, "Total_Injured_Persons_Industrial_Or_Other": null, "Total_Injured_Persons_Motorcyclists": null, "Total_Injured_Persons_On_Demand_Air_Taxi": null, "Total_Injured_Persons_Other_Counts": null, "Total_Injured_Persons_Other_Incident": null, "Total_Injured_Persons_Other_Incident_Transit": null, "Total_Injured_Persons_Other_Incidents": null, "Total_Injured_Persons_Other_Incidents_Railroads": null, "Total_Injured_Persons_Passenger_Car_Occupants": null, "Total_Injured_Persons_Passenger_Or_Occupant": null, "Total_Injured_Persons_Passenger_Vessel": null, "Total_Injured_Persons_Pedalcyclists": null, "Total_Injured_Persons_Pedestrians": null, "Total_Injured_Persons_Pipeline": null, "Total_Injured_Persons_Rail": null, "Total_Injured_Persons_Rail_Freight": null, "Total_Injured_Persons_Rail_Freight_Highway_Rail_Grade_Crossing": null, "Total_Injured_Persons_Rail_Freight_Other_Incidents": null, "Total_Injured_Persons_Rail_Freight_Train_Accidents": null, "Total_Injured_Persons_Rail_Freight_Trespassers": null, "Total_Injured_Persons_Rail_Road_Trespassers": null, "Total_Injured_Persons_Railroad": null, "Total_Injured_Persons_Railroad_Alone": null, "Total_Injured_Persons_Railroad_Train_Accidents": null, "Total_Injured_Persons_Recreational_Boating": 927, "Total_Injured_Persons_Train_Accidents_Rail_Roads": null, "Total_Injured_Persons_Transit_Non_Rail": null, "Total_Injured_Persons_Transit_Rail": null, "Total_Injured_Persons_Transit_Total": null, "Total_Injured_Persons_Trespassers": null, "Total_Injured_Persons_Truck_Occupants_Large": null, "Total_Injured_Persons_Truck_Occupants_Light": null, "Total_Injured_Persons_US_Air_Carrier": null, "Total_Injured_Persons_Water": null, "Total_Injured_Persons_Water_Not_Related_To_Vessel_Casualties": null, "Total_Injured_Persons_Water_Vessel_Related": null, "Year": "1965-01-04"},{"Total_Injured_Persons": null, "Total_Injured_Persons_Air": 822, "Total_Injured_Persons_Bus_Occupants": null, "Total_Injured_Persons_Commuter_Carrier": null, "Total_Injured_Persons_Employee_Or_Worker": null, "Total_Injured_Persons_Freight_Vessel": null, "Total_Injured_Persons_Gas_Pipeline": 233, "Total_Injured_Persons_General_Aviation": 715, "Total_Injured_Persons_Hazardous_Liquid_Pipeline": 21, "Total_Injured_Persons_Highway": null, "Total_Injured_Persons_Highway_Rail_Grade_Crossing": null, "Total_Injured_Persons_Highway_Rail_Grade_Crossing_Railroads": null, "Total_Injured_Persons_Industrial_Or_Other": null, "Total_Injured_Persons_Motorcyclists": null, "Total_Injured_Persons_On_Demand_Air_Taxi": null, "Total_Injured_Persons_Other_Counts": null, "Total_Injured_Persons_Other_Incident": null, "Total_Injured_Persons_Other_Incident_Transit": null, "Total_Injured_Persons_Other_Incidents": null, "Total_Injured_Persons_Other_Incidents_Railroads": null, "Total_Injured_Persons_Passenger_Car_Occupants": null, "Total_Injured_Persons_Passenger_Or_Occupant": null, "Total_Injured_Persons_Passenger_Vessel": null, "Total_Injured_Persons_Pedalcyclists": null, "Total_Injured_Persons_Pedestrians": null, "Total_Injured_Persons_Pipeline": 254, "Total_Injured_Persons_Rail": null, "Total_Injured_Persons_Rail_Freight": null, "Total_Injured_Persons_Rail_Freight_Highway_Rail_Grade_Crossing": null, "Total_Injured_Persons_Rail_Freight_Other_Incidents": null, "Total_Injured_Persons_Rail_Freight_Train_Accidents": null, "Total_Injured_Persons_Rail_Freight_Trespassers": null, "Total_Injured_Persons_Rail_Road_Trespassers": null, "Total_Injured_Persons_Railroad": null, "Total_Injured_Persons_Railroad_Alone": null, "Total_Injured_Persons_Railroad_Train_Accidents": null, "Total_Injured_Persons_Recreational_Boating": 780, "Total_Injured_Persons_Train_Accidents_Rail_Roads": null, "Total_Injured_Persons_Transit_Non_Rail": null, "Total_Injured_Persons_Transit_Rail": null, "Total_Injured_Persons_Transit_Total": null, "Total_Injured_Persons_Trespassers": null, "Total_Injured_Persons_Truck_Occupants_Large": null, "Total_Injured_Persons_Truck_Occupants_Light": null, "Total_Injured_Persons_US_Air_Carrier": 107, "Total_Injured_Persons_Water": null, "Total_Injured_Persons_Water_Not_Related_To_Vessel_Casualties": null, "Total_Injured_Persons_Water_Vessel_Related": 105, "Year": "1970-01-04"},{"Total_Injured_Persons": null, "Total_Injured_Persons_Air": 850, "Total_Injured_Persons_Bus_Occupants": null, "Total_Injured_Persons_Commuter_Carrier": null, "Total_Injured_Persons_Employee_Or_Worker": null, "Total_Injured_Persons_Freight_Vessel": null, "Total_Injured_Persons_Gas_Pipeline": 214, "Total_Injured_Persons_General_Aviation": 769, "Total_Injured_Persons_Hazardous_Liquid_Pipeline": 17, "Total_Injured_Persons_Highway": null, "Total_Injured_Persons_Highway_Rail_Grade_Crossing": null, "Total_Injured_Persons_Highway_Rail_Grade_Crossing_Railroads": null, "Total_Injured_Persons_Industrial_Or_Other": null, "Total_Injured_Persons_Motorcyclists": null, "Total_Injured_Persons_On_Demand_Air_Taxi": null, "Total_Injured_Persons_Other_Counts": null, "Total_Injured_Persons_Other_Incident": null, "Total_Injured_Persons_Other_Incident_Transit": null, "Total_Injured_Persons_Other_Incidents": null, "Total_Injured_Persons_Other_Incidents_Railroads": null, "Total_Injured_Persons_Passenger_Car_Occupants": null, "Total_Injured_Persons_Passenger_Or_Occupant": null, "Total_Injured_Persons_Passenger_Vessel": null, "Total_Injured_Persons_Pedalcyclists": null, "Total_Injured_Persons_Pedestrians": null, "Total_Injured_Persons_Pipeline": 231, "Total_Injured_Persons_Rail": 2790, "Total_Injured_Persons_Rail_Freight": 51510, "Total_Injured_Persons_Rail_Freight_Highway_Rail_Grade_Crossing": null, "Total_Injured_Persons_Rail_Freight_Other_Incidents": null, "Total_Injured_Persons_Rail_Freight_Train_Accidents": null, "Total_Injured_Persons_Rail_Freight_Trespassers": null, "Total_Injured_Persons_Rail_Road_Trespassers": null, "Total_Injured_Persons_Railroad": 3596, "Total_Injured_Persons_Railroad_Alone": null, "Total_Injured_Persons_Railroad_Train_Accidents": null, "Total_Injured_Persons_Recreational_Boating": 2136, "Total_Injured_Persons_Train_Accidents_Rail_Roads": null, "Total_Injured_Persons_Transit_Non_Rail": null, "Total_Injured_Persons_Transit_Rail": null, "Total_Injured_Persons_Transit_Total": null, "Total_Injured_Persons_Trespassers": null, "Total_Injured_Persons_Truck_Occupants_Large": null, "Total_Injured_Persons_Truck_Occupants_Light": null, "Total_Injured_Persons_US_Air_Carrier": 81, "Total_Injured_Persons_Water": null, "Total_Injured_Persons_Water_Not_Related_To_Vessel_Casualties": null, "Total_Injured_Persons_Water_Vessel_Related": 97, "Year": "1975-01-04"},{"Total_Injured_Persons": null, "Total_Injured_Persons_Air": 757, "Total_Injured_Persons_Bus_Occupants": null, "Total_Injured_Persons_Commuter_Carrier": 14, "Total_Injured_Persons_Employee_Or_Worker": null, "Total_Injured_Persons_Freight_Vessel": null, "Total_Injured_Persons_Gas_Pipeline": 177, "Total_Injured_Persons_General_Aviation": 681, "Total_Injured_Persons_Hazardous_Liquid_Pipeline": 15, "Total_Injured_Persons_Highway": null, "Total_Injured_Persons_Highway_Rail_Grade_Crossing": null, "Total_Injured_Persons_Highway_Rail_Grade_Crossing_Railroads": 3890, "Total_Injured_Persons_Industrial_Or_Other": null, "Total_Injured_Persons_Motorcyclists": null, "Total_Injured_Persons_On_Demand_Air_Taxi": 43, "Total_Injured_Persons_Other_Counts": null, "Total_Injured_Persons_Other_Incident": null, "Total_Injured_Persons_Other_Incident_Transit": null, "Total_Injured_Persons_Other_Incidents": null, "Total_Injured_Persons_Other_Incidents_Railroads": 57217, "Total_Injured_Persons_Passenger_Car_Occupants": null, "Total_Injured_Persons_Passenger_Or_Occupant": null, "Total_Injured_Persons_Passenger_Vessel": null, "Total_Injured_Persons_Pedalcyclists": null, "Total_Injured_Persons_Pedestrians": null, "Total_Injured_Persons_Pipeline": 192, "Total_Injured_Persons_Rail": 4786, "Total_Injured_Persons_Rail_Freight": 57460, "Total_Injured_Persons_Rail_Freight_Highway_Rail_Grade_Crossing": 3844, "Total_Injured_Persons_Rail_Freight_Other_Incidents": 52704, "Total_Injured_Persons_Rail_Freight_Train_Accidents": 471, "Total_Injured_Persons_Rail_Freight_Trespassers": 441, "Total_Injured_Persons_Rail_Road_Trespassers": 474, "Total_Injured_Persons_Railroad": 3534, "Total_Injured_Persons_Railroad_Alone": 62246, "Total_Injured_Persons_Railroad_Train_Accidents": null, "Total_Injured_Persons_Recreational_Boating": 2650, "Total_Injured_Persons_Train_Accidents_Rail_Roads": 665, "Total_Injured_Persons_Transit_Non_Rail": null, "Total_Injured_Persons_Transit_Rail": null, "Total_Injured_Persons_Transit_Total": null, "Total_Injured_Persons_Trespassers": null, "Total_Injured_Persons_Truck_Occupants_Large": null, "Total_Injured_Persons_Truck_Occupants_Light": null, "Total_Injured_Persons_US_Air_Carrier": 19, "Total_Injured_Persons_Water": null, "Total_Injured_Persons_Water_Not_Related_To_Vessel_Casualties": null, "Total_Injured_Persons_Water_Vessel_Related": 180, "Year": "1980-01-04"},{"Total_Injured_Persons": null, "Total_Injured_Persons_Air": 589, "Total_Injured_Persons_Bus_Occupants": null, "Total_Injured_Persons_Commuter_Carrier": 14, "Total_Injured_Persons_Employee_Or_Worker": null, "Total_Injured_Persons_Freight_Vessel": null, "Total_Injured_Persons_Gas_Pipeline": 108, "Total_Injured_Persons_General_Aviation": 501, "Total_Injured_Persons_Hazardous_Liquid_Pipeline": 18, "Total_Injured_Persons_Highway": null, "Total_Injured_Persons_Highway_Rail_Grade_Crossing": null, "Total_Injured_Persons_Highway_Rail_Grade_Crossing_Railroads": 2687, "Total_Injured_Persons_Industrial_Or_Other": null, "Total_Injured_Persons_Motorcyclists": null, "Total_Injured_Persons_On_Demand_Air_Taxi": 44, "Total_Injured_Persons_Other_Counts": null, "Total_Injured_Persons_Other_Incident": null, "Total_Injured_Persons_Other_Incident_Transit": null, "Total_Injured_Persons_Other_Incidents": null, "Total_Injured_Persons_Other_Incidents_Railroads": 30649, "Total_Injured_Persons_Passenger_Car_Occupants": null, "Total_Injured_Persons_Passenger_Or_Occupant": null, "Total_Injured_Persons_Passenger_Vessel": null, "Total_Injured_Persons_Pedalcyclists": null, "Total_Injured_Persons_Pedestrians": null, "Total_Injured_Persons_Pipeline": 126, "Total_Injured_Persons_Rail": 5392, "Total_Injured_Persons_Rail_Freight": 28912, "Total_Injured_Persons_Rail_Freight_Highway_Rail_Grade_Crossing": null, "Total_Injured_Persons_Rail_Freight_Other_Incidents": null, "Total_Injured_Persons_Rail_Freight_Train_Accidents": null, "Total_Injured_Persons_Rail_Freight_Trespassers": null, "Total_Injured_Persons_Rail_Road_Trespassers": 492, "Total_Injured_Persons_Railroad": 2395, "Total_Injured_Persons_Railroad_Alone": 34304, "Total_Injured_Persons_Railroad_Train_Accidents": null, "Total_Injured_Persons_Recreational_Boating": 2757, "Total_Injured_Persons_Train_Accidents_Rail_Roads": 476, "Total_Injured_Persons_Transit_Non_Rail": null, "Total_Injured_Persons_Transit_Rail": null, "Total_Injured_Persons_Transit_Total": null, "Total_Injured_Persons_Trespassers": null, "Total_Injured_Persons_Truck_Occupants_Large": null, "Total_Injured_Persons_Truck_Occupants_Light": null, "Total_Injured_Persons_US_Air_Carrier": 30, "Total_Injured_Persons_Water": null, "Total_Injured_Persons_Water_Not_Related_To_Vessel_Casualties": null, "Total_Injured_Persons_Water_Vessel_Related": 172, "Year": "1985-01-04"},{"Total_Injured_Persons": 3271903, "Total_Injured_Persons_Air": 485, "Total_Injured_Persons_Bus_Occupants": 32691, "Total_Injured_Persons_Commuter_Carrier": 11, "Total_Injured_Persons_Employee_Or_Worker": null, "Total_Injured_Persons_Freight_Vessel": null, "Total_Injured_Persons_Gas_Pipeline": 69, "Total_Injured_Persons_General_Aviation": 409, "Total_Injured_Persons_Hazardous_Liquid_Pipeline": 7, "Total_Injured_Persons_Highway": 3230666, "Total_Injured_Persons_Highway_Rail_Grade_Crossing": 131, "Total_Injured_Persons_Highway_Rail_Grade_Crossing_Railroads": 2407, "Total_Injured_Persons_Industrial_Or_Other": null, "Total_Injured_Persons_Motorcyclists": 84285, "Total_Injured_Persons_On_Demand_Air_Taxi": 36, "Total_Injured_Persons_Other_Counts": null, "Total_Injured_Persons_Other_Incident": 10578, "Total_Injured_Persons_Other_Incident_Transit": null, "Total_Injured_Persons_Other_Incidents": 4430, "Total_Injured_Persons_Other_Incidents_Railroads": 21725, "Total_Injured_Persons_Passenger_Car_Occupants": 2376439, "Total_Injured_Persons_Passenger_Or_Occupant": null, "Total_Injured_Persons_Passenger_Vessel": null, "Total_Injured_Persons_Pedalcyclists": 74903, "Total_Injured_Persons_Pedestrians": 104805, "Total_Injured_Persons_Pipeline": 76, "Total_Injured_Persons_Rail": 4872, "Total_Injured_Persons_Rail_Freight": 20271, "Total_Injured_Persons_Rail_Freight_Highway_Rail_Grade_Crossing": 2276, "Total_Injured_Persons_Rail_Freight_Other_Incidents": 17295, "Total_Injured_Persons_Rail_Freight_Train_Accidents": 210, "Total_Injured_Persons_Rail_Freight_Trespassers": 490, "Total_Injured_Persons_Rail_Road_Trespassers": 560, "Total_Injured_Persons_Railroad": 2186, "Total_Injured_Persons_Railroad_Alone": 25143, "Total_Injured_Persons_Railroad_Train_Accidents": 241, "Total_Injured_Persons_Recreational_Boating": 3822, "Total_Injured_Persons_Train_Accidents_Rail_Roads": 451, "Total_Injured_Persons_Transit_Non_Rail": 40834, "Total_Injured_Persons_Transit_Rail": 13722, "Total_Injured_Persons_Transit_Total": 54556, "Total_Injured_Persons_Trespassers": 70, "Total_Injured_Persons_Truck_Occupants_Large": 41822, "Total_Injured_Persons_Truck_Occupants_Light": 505144, "Total_Injured_Persons_US_Air_Carrier": 29, "Total_Injured_Persons_Water": null, "Total_Injured_Persons_Water_Not_Related_To_Vessel_Casualties": null, "Total_Injured_Persons_Water_Vessel_Related": 175, "Year": "1990-01-04"},{"Total_Injured_Persons": 3136005, "Total_Injured_Persons_Air": 514, "Total_Injured_Persons_Bus_Occupants": 20959, "Total_Injured_Persons_Commuter_Carrier": 31, "Total_Injured_Persons_Employee_Or_Worker": null, "Total_Injured_Persons_Freight_Vessel": null, "Total_Injured_Persons_Gas_Pipeline": 89, "Total_Injured_Persons_General_Aviation": 431, "Total_Injured_Persons_Hazardous_Liquid_Pipeline": 9, "Total_Injured_Persons_Highway": 3096870, "Total_Injured_Persons_Highway_Rail_Grade_Crossing": 96, "Total_Injured_Persons_Highway_Rail_Grade_Crossing_Railroads": 2094, "Total_Injured_Persons_Industrial_Or_Other": null, "Total_Injured_Persons_Motorcyclists": 80435, "Total_Injured_Persons_On_Demand_Air_Taxi": 26, "Total_Injured_Persons_Other_Counts": null, "Total_Injured_Persons_Other_Incident": 14716, "Total_Injured_Persons_Other_Incident_Transit": null, "Total_Injured_Persons_Other_Incidents": null, "Total_Injured_Persons_Other_Incidents_Railroads": 20514, "Total_Injured_Persons_Passenger_Car_Occupants": 2234594, "Total_Injured_Persons_Passenger_Or_Occupant": null, "Total_Injured_Persons_Passenger_Vessel": null, "Total_Injured_Persons_Pedalcyclists": 67088, "Total_Injured_Persons_Pedestrians": 88446, "Total_Injured_Persons_Pipeline": 98, "Total_Injured_Persons_Rail": 4755, "Total_Injured_Persons_Rail_Freight": 18713, "Total_Injured_Persons_Rail_Freight_Highway_Rail_Grade_Crossing": null, "Total_Injured_Persons_Rail_Freight_Other_Incidents": null, "Total_Injured_Persons_Rail_Freight_Train_Accidents": null, "Total_Injured_Persons_Rail_Freight_Trespassers": null, "Total_Injured_Persons_Rail_Road_Trespassers": 534, "Total_Injured_Persons_Railroad": 1866, "Total_Injured_Persons_Railroad_Alone": 23468, "Total_Injured_Persons_Railroad_Train_Accidents": 82, "Total_Injured_Persons_Recreational_Boating": 3967, "Total_Injured_Persons_Train_Accidents_Rail_Roads": 326, "Total_Injured_Persons_Transit_Non_Rail": 39281, "Total_Injured_Persons_Transit_Rail": 12844, "Total_Injured_Persons_Transit_Total": 52125, "Total_Injured_Persons_Trespassers": null, "Total_Injured_Persons_Truck_Occupants_Large": 28031, "Total_Injured_Persons_Truck_Occupants_Light": 562601, "Total_Injured_Persons_US_Air_Carrier": 26, "Total_Injured_Persons_Water": null, "Total_Injured_Persons_Water_Not_Related_To_Vessel_Casualties": null, "Total_Injured_Persons_Water_Vessel_Related": 110, "Year": "1991-01-04"},{"Total_Injured_Persons": 3109431, "Total_Injured_Persons_Air": 456, "Total_Injured_Persons_Bus_Occupants": 20144, "Total_Injured_Persons_Commuter_Carrier": 7, "Total_Injured_Persons_Employee_Or_Worker": null, "Total_Injured_Persons_Freight_Vessel": null, "Total_Injured_Persons_Gas_Pipeline": 80, "Total_Injured_Persons_General_Aviation": 408, "Total_Injured_Persons_Hazardous_Liquid_Pipeline": 38, "Total_Injured_Persons_Highway": 3069603, "Total_Injured_Persons_Highway_Rail_Grade_Crossing": 194, "Total_Injured_Persons_Highway_Rail_Grade_Crossing_Railroads": 1975, "Total_Injured_Persons_Industrial_Or_Other": null, "Total_Injured_Persons_Motorcyclists": 65099, "Total_Injured_Persons_On_Demand_Air_Taxi": 19, "Total_Injured_Persons_Other_Counts": null, "Total_Injured_Persons_Other_Incident": 22348, "Total_Injured_Persons_Other_Incident_Transit": null, "Total_Injured_Persons_Other_Incidents": null, "Total_Injured_Persons_Other_Incidents_Railroads": 18697, "Total_Injured_Persons_Passenger_Car_Occupants": 2231703, "Total_Injured_Persons_Passenger_Or_Occupant": null, "Total_Injured_Persons_Passenger_Vessel": null, "Total_Injured_Persons_Pedalcyclists": 62691, "Total_Injured_Persons_Pedestrians": 89184, "Total_Injured_Persons_Pipeline": 118, "Total_Injured_Persons_Rail": 4481, "Total_Injured_Persons_Rail_Freight": 16902, "Total_Injured_Persons_Rail_Freight_Highway_Rail_Grade_Crossing": null, "Total_Injured_Persons_Rail_Freight_Other_Incidents": null, "Total_Injured_Persons_Rail_Freight_Train_Accidents": null, "Total_Injured_Persons_Rail_Freight_Trespassers": null, "Total_Injured_Persons_Rail_Road_Trespassers": 540, "Total_Injured_Persons_Railroad": 1752, "Total_Injured_Persons_Railroad_Alone": 21383, "Total_Injured_Persons_Railroad_Train_Accidents": 60, "Total_Injured_Persons_Recreational_Boating": 3683, "Total_Injured_Persons_Train_Accidents_Rail_Roads": 171, "Total_Injured_Persons_Transit_Non_Rail": 40822, "Total_Injured_Persons_Transit_Rail": 14267, "Total_Injured_Persons_Transit_Total": 55089, "Total_Injured_Persons_Trespassers": null, "Total_Injured_Persons_Truck_Occupants_Large": 33778, "Total_Injured_Persons_Truck_Occupants_Light": 544657, "Total_Injured_Persons_US_Air_Carrier": 22, "Total_Injured_Persons_Water": null, "Total_Injured_Persons_Water_Not_Related_To_Vessel_Casualties": 1503, "Total_Injured_Persons_Water_Vessel_Related": 170, "Year": "1992-01-04"},{"Total_Injured_Persons": 3185361, "Total_Injured_Persons_Air": 430, "Total_Injured_Persons_Bus_Occupants": 17056, "Total_Injured_Persons_Commuter_Carrier": 2, "Total_Injured_Persons_Employee_Or_Worker": null, "Total_Injured_Persons_Freight_Vessel": null, "Total_Injured_Persons_Gas_Pipeline": 101, "Total_Injured_Persons_General_Aviation": 385, "Total_Injured_Persons_Hazardous_Liquid_Pipeline": 10, "Total_Injured_Persons_Highway": 3149164, "Total_Injured_Persons_Highway_Rail_Grade_Crossing": 162, "Total_Injured_Persons_Highway_Rail_Grade_Crossing_Railroads": 1837, "Total_Injured_Persons_Industrial_Or_Other": null, "Total_Injured_Persons_Motorcyclists": 59436, "Total_Injured_Persons_On_Demand_Air_Taxi": 24, "Total_Injured_Persons_Other_Counts": null, "Total_Injured_Persons_Other_Incident": 12969, "Total_Injured_Persons_Other_Incident_Transit": null, "Total_Injured_Persons_Other_Incidents": null, "Total_Injured_Persons_Other_Incidents_Railroads": 16467, "Total_Injured_Persons_Passenger_Car_Occupants": 2264809, "Total_Injured_Persons_Passenger_Or_Occupant": null, "Total_Injured_Persons_Passenger_Vessel": null, "Total_Injured_Persons_Pedalcyclists": 67916, "Total_Injured_Persons_Pedestrians": 94001, "Total_Injured_Persons_Pipeline": 111, "Total_Injured_Persons_Rail": 4725, "Total_Injured_Persons_Rail_Freight": 14396, "Total_Injured_Persons_Rail_Freight_Highway_Rail_Grade_Crossing": null, "Total_Injured_Persons_Rail_Freight_Other_Incidents": null, "Total_Injured_Persons_Rail_Freight_Train_Accidents": null, "Total_Injured_Persons_Rail_Freight_Trespassers": null, "Total_Injured_Persons_Rail_Road_Trespassers": 509, "Total_Injured_Persons_Railroad": 1677, "Total_Injured_Persons_Railroad_Alone": 19121, "Total_Injured_Persons_Railroad_Train_Accidents": 185, "Total_Injured_Persons_Recreational_Boating": 3559, "Total_Injured_Persons_Train_Accidents_Rail_Roads": 308, "Total_Injured_Persons_Transit_Non_Rail": 39584, "Total_Injured_Persons_Transit_Rail": 13084, "Total_Injured_Persons_Transit_Total": 52668, "Total_Injured_Persons_Trespassers": null, "Total_Injured_Persons_Truck_Occupants_Large": 32102, "Total_Injured_Persons_Truck_Occupants_Light": 600874, "Total_Injured_Persons_US_Air_Carrier": 19, "Total_Injured_Persons_Water": null, "Total_Injured_Persons_Water_Not_Related_To_Vessel_Casualties": 1398, "Total_Injured_Persons_Water_Vessel_Related": 171, "Year": "1993-01-04"},{"Total_Injured_Persons": 3302962, "Total_Injured_Persons_Air": 484, "Total_Injured_Persons_Bus_Occupants": 15767, "Total_Injured_Persons_Commuter_Carrier": 6, "Total_Injured_Persons_Employee_Or_Worker": null, "Total_Injured_Persons_Freight_Vessel": null, "Total_Injured_Persons_Gas_Pipeline": 113, "Total_Injured_Persons_General_Aviation": 415, "Total_Injured_Persons_Hazardous_Liquid_Pipeline": 7, "Total_Injured_Persons_Highway": 3265928, "Total_Injured_Persons_Highway_Rail_Grade_Crossing": 157, "Total_Injured_Persons_Highway_Rail_Grade_Crossing_Railroads": 1961, "Total_Injured_Persons_Industrial_Or_Other": null, "Total_Injured_Persons_Motorcyclists": 57405, "Total_Injured_Persons_On_Demand_Air_Taxi": 32, "Total_Injured_Persons_Other_Counts": null, "Total_Injured_Persons_Other_Incident": 13065, "Total_Injured_Persons_Other_Incident_Transit": null, "Total_Injured_Persons_Other_Incidents": null, "Total_Injured_Persons_Other_Incidents_Railroads": 14137, "Total_Injured_Persons_Passenger_Car_Occupants": 2363595, "Total_Injured_Persons_Passenger_Or_Occupant": null, "Total_Injured_Persons_Passenger_Vessel": null, "Total_Injured_Persons_Pedalcyclists": 62489, "Total_Injured_Persons_Pedestrians": 91987, "Total_Injured_Persons_Pipeline": 120, "Total_Injured_Persons_Rail": 4760, "Total_Injured_Persons_Rail_Freight": 12052, "Total_Injured_Persons_Rail_Freight_Highway_Rail_Grade_Crossing": null, "Total_Injured_Persons_Rail_Freight_Other_Incidents": null, "Total_Injured_Persons_Rail_Freight_Train_Accidents": null, "Total_Injured_Persons_Rail_Freight_Trespassers": null, "Total_Injured_Persons_Rail_Road_Trespassers": 452, "Total_Injured_Persons_Railroad": 1764, "Total_Injured_Persons_Railroad_Alone": 16812, "Total_Injured_Persons_Railroad_Train_Accidents": 138, "Total_Injured_Persons_Recreational_Boating": 4084, "Total_Injured_Persons_Train_Accidents_Rail_Roads": 262, "Total_Injured_Persons_Transit_Non_Rail": 42955, "Total_Injured_Persons_Transit_Rail": 15238, "Total_Injured_Persons_Transit_Total": 58193, "Total_Injured_Persons_Trespassers": null, "Total_Injured_Persons_Truck_Occupants_Large": 30208, "Total_Injured_Persons_Truck_Occupants_Light": 631411, "Total_Injured_Persons_US_Air_Carrier": 31, "Total_Injured_Persons_Water": null, "Total_Injured_Persons_Water_Not_Related_To_Vessel_Casualties": 1878, "Total_Injured_Persons_Water_Vessel_Related": 182, "Year": "1994-01-04"},{"Total_Injured_Persons": 3499643, "Total_Injured_Persons_Air": 452, "Total_Injured_Persons_Bus_Occupants": 19214, "Total_Injured_Persons_Commuter_Carrier": 17, "Total_Injured_Persons_Employee_Or_Worker": null, "Total_Injured_Persons_Freight_Vessel": null, "Total_Injured_Persons_Gas_Pipeline": 53, "Total_Injured_Persons_General_Aviation": 396, "Total_Injured_Persons_Hazardous_Liquid_Pipeline": 11, "Total_Injured_Persons_Highway": 3465279, "Total_Injured_Persons_Highway_Rail_Grade_Crossing": 108, "Total_Injured_Persons_Highway_Rail_Grade_Crossing_Railroads": 1894, "Total_Injured_Persons_Industrial_Or_Other": null, "Total_Injured_Persons_Motorcyclists": 57480, "Total_Injured_Persons_On_Demand_Air_Taxi": 14, "Total_Injured_Persons_Other_Counts": null, "Total_Injured_Persons_Other_Incident": 13977, "Total_Injured_Persons_Other_Incident_Transit": null, "Total_Injured_Persons_Other_Incidents": null, "Total_Injured_Persons_Other_Incidents_Railroads": 11791, "Total_Injured_Persons_Passenger_Car_Occupants": 2469358, "Total_Injured_Persons_Passenger_Or_Occupant": null, "Total_Injured_Persons_Passenger_Vessel": null, "Total_Injured_Persons_Pedalcyclists": 66572, "Total_Injured_Persons_Pedestrians": 85837, "Total_Injured_Persons_Pipeline": 64, "Total_Injured_Persons_Rail": 4300, "Total_Injured_Persons_Rail_Freight": 10140, "Total_Injured_Persons_Rail_Freight_Highway_Rail_Grade_Crossing": null, "Total_Injured_Persons_Rail_Freight_Other_Incidents": null, "Total_Injured_Persons_Rail_Freight_Train_Accidents": null, "Total_Injured_Persons_Rail_Freight_Trespassers": null, "Total_Injured_Persons_Rail_Road_Trespassers": 461, "Total_Injured_Persons_Railroad": 1696, "Total_Injured_Persons_Railroad_Alone": 14440, "Total_Injured_Persons_Railroad_Train_Accidents": 138, "Total_Injured_Persons_Recreational_Boating": 4141, "Total_Injured_Persons_Train_Accidents_Rail_Roads": 294, "Total_Injured_Persons_Transit_Non_Rail": 42257, "Total_Injured_Persons_Transit_Rail": 14939, "Total_Injured_Persons_Transit_Total": 57196, "Total_Injured_Persons_Trespassers": null, "Total_Injured_Persons_Truck_Occupants_Large": 30344, "Total_Injured_Persons_Truck_Occupants_Light": 722496, "Total_Injured_Persons_US_Air_Carrier": 25, "Total_Injured_Persons_Water": null, "Total_Injured_Persons_Water_Not_Related_To_Vessel_Casualties": 1870, "Total_Injured_Persons_Water_Vessel_Related": 154, "Year": "1995-01-04"},{"Total_Injured_Persons": 3515777, "Total_Injured_Persons_Air": 467, "Total_Injured_Persons_Bus_Occupants": 20291, "Total_Injured_Persons_Commuter_Carrier": 2, "Total_Injured_Persons_Employee_Or_Worker": null, "Total_Injured_Persons_Freight_Vessel": null, "Total_Injured_Persons_Gas_Pipeline": 114, "Total_Injured_Persons_General_Aviation": 366, "Total_Injured_Persons_Hazardous_Liquid_Pipeline": 13, "Total_Injured_Persons_Highway": 3483319, "Total_Injured_Persons_Highway_Rail_Grade_Crossing": 137, "Total_Injured_Persons_Highway_Rail_Grade_Crossing_Railroads": 1610, "Total_Injured_Persons_Industrial_Or_Other": null, "Total_Injured_Persons_Motorcyclists": 55281, "Total_Injured_Persons_On_Demand_Air_Taxi": 22, "Total_Injured_Persons_Other_Counts": null, "Total_Injured_Persons_Other_Incident": 15473, "Total_Injured_Persons_Other_Incident_Transit": null, "Total_Injured_Persons_Other_Incidents": null, "Total_Injured_Persons_Other_Incidents_Railroads": 10193, "Total_Injured_Persons_Passenger_Car_Occupants": 2458080, "Total_Injured_Persons_Passenger_Or_Occupant": null, "Total_Injured_Persons_Passenger_Vessel": null, "Total_Injured_Persons_Pedalcyclists": 58158, "Total_Injured_Persons_Pedestrians": 81797, "Total_Injured_Persons_Pipeline": 127, "Total_Injured_Persons_Rail": 4002, "Total_Injured_Persons_Rail_Freight": 8556, "Total_Injured_Persons_Rail_Freight_Highway_Rail_Grade_Crossing": null, "Total_Injured_Persons_Rail_Freight_Other_Incidents": null, "Total_Injured_Persons_Rail_Freight_Train_Accidents": null, "Total_Injured_Persons_Rail_Freight_Trespassers": null, "Total_Injured_Persons_Rail_Road_Trespassers": 474, "Total_Injured_Persons_Railroad": 1428, "Total_Injured_Persons_Railroad_Alone": 12558, "Total_Injured_Persons_Railroad_Train_Accidents": 161, "Total_Injured_Persons_Recreational_Boating": 4442, "Total_Injured_Persons_Train_Accidents_Rail_Roads": 281, "Total_Injured_Persons_Transit_Non_Rail": 40618, "Total_Injured_Persons_Transit_Rail": 14670, "Total_Injured_Persons_Transit_Total": 55288, "Total_Injured_Persons_Trespassers": null, "Total_Injured_Persons_Truck_Occupants_Large": 32760, "Total_Injured_Persons_Truck_Occupants_Light": 761478, "Total_Injured_Persons_US_Air_Carrier": 77, "Total_Injured_Persons_Water": null, "Total_Injured_Persons_Water_Not_Related_To_Vessel_Casualties": 1368, "Total_Injured_Persons_Water_Vessel_Related": 254, "Year": "1996-01-04"},{"Total_Injured_Persons": 3380064, "Total_Injured_Persons_Air": 417, "Total_Injured_Persons_Bus_Occupants": 16887, "Total_Injured_Persons_Commuter_Carrier": 1, "Total_Injured_Persons_Employee_Or_Worker": null, "Total_Injured_Persons_Freight_Vessel": null, "Total_Injured_Persons_Gas_Pipeline": 72, "Total_Injured_Persons_General_Aviation": 350, "Total_Injured_Persons_Hazardous_Liquid_Pipeline": 5, "Total_Injured_Persons_Highway": 3347614, "Total_Injured_Persons_Highway_Rail_Grade_Crossing": 159, "Total_Injured_Persons_Highway_Rail_Grade_Crossing_Railroads": 1540, "Total_Injured_Persons_Industrial_Or_Other": null, "Total_Injured_Persons_Motorcyclists": 52574, "Total_Injured_Persons_On_Demand_Air_Taxi": 23, "Total_Injured_Persons_Other_Counts": null, "Total_Injured_Persons_Other_Incident": 16995, "Total_Injured_Persons_Other_Incident_Transit": null, "Total_Injured_Persons_Other_Incidents": null, "Total_Injured_Persons_Other_Incidents_Railroads": 9528, "Total_Injured_Persons_Passenger_Car_Occupants": 2340612, "Total_Injured_Persons_Passenger_Or_Occupant": null, "Total_Injured_Persons_Passenger_Vessel": null, "Total_Injured_Persons_Pedalcyclists": 57802, "Total_Injured_Persons_Pedestrians": 77011, "Total_Injured_Persons_Pipeline": 77, "Total_Injured_Persons_Rail": 3877, "Total_Injured_Persons_Rail_Freight": 7891, "Total_Injured_Persons_Rail_Freight_Highway_Rail_Grade_Crossing": null, "Total_Injured_Persons_Rail_Freight_Other_Incidents": null, "Total_Injured_Persons_Rail_Freight_Train_Accidents": null, "Total_Injured_Persons_Rail_Freight_Trespassers": null, "Total_Injured_Persons_Rail_Road_Trespassers": 516, "Total_Injured_Persons_Railroad": 1324, "Total_Injured_Persons_Railroad_Alone": 11767, "Total_Injured_Persons_Railroad_Train_Accidents": 87, "Total_Injured_Persons_Recreational_Boating": 4555, "Total_Injured_Persons_Train_Accidents_Rail_Roads": 183, "Total_Injured_Persons_Transit_Non_Rail": 40356, "Total_Injured_Persons_Transit_Rail": 15776, "Total_Injured_Persons_Transit_Total": 56132, "Total_Injured_Persons_Trespassers": null, "Total_Injured_Persons_Truck_Occupants_Large": 30913, "Total_Injured_Persons_Truck_Occupants_Light": 754820, "Total_Injured_Persons_US_Air_Carrier": 43, "Total_Injured_Persons_Water": null, "Total_Injured_Persons_Water_Not_Related_To_Vessel_Casualties": 1062, "Total_Injured_Persons_Water_Vessel_Related": 120, "Year": "1997-01-04"},{"Total_Injured_Persons": 3221955, "Total_Injured_Persons_Air": 369, "Total_Injured_Persons_Bus_Occupants": 15559, "Total_Injured_Persons_Commuter_Carrier": 2, "Total_Injured_Persons_Employee_Or_Worker": null, "Total_Injured_Persons_Freight_Vessel": null, "Total_Injured_Persons_Gas_Pipeline": 75, "Total_Injured_Persons_General_Aviation": 327, "Total_Injured_Persons_Hazardous_Liquid_Pipeline": 6, "Total_Injured_Persons_Highway": 3192035, "Total_Injured_Persons_Highway_Rail_Grade_Crossing": 147, "Total_Injured_Persons_Highway_Rail_Grade_Crossing_Railroads": 1303, "Total_Injured_Persons_Industrial_Or_Other": null, "Total_Injured_Persons_Motorcyclists": 48974, "Total_Injured_Persons_On_Demand_Air_Taxi": 10, "Total_Injured_Persons_Other_Counts": null, "Total_Injured_Persons_Other_Incident": 12519, "Total_Injured_Persons_Other_Incident_Transit": null, "Total_Injured_Persons_Other_Incidents": null, "Total_Injured_Persons_Other_Incidents_Railroads": 9514, "Total_Injured_Persons_Passenger_Car_Occupants": 2201375, "Total_Injured_Persons_Passenger_Or_Occupant": null, "Total_Injured_Persons_Passenger_Vessel": null, "Total_Injured_Persons_Pedalcyclists": 53379, "Total_Injured_Persons_Pedestrians": 68955, "Total_Injured_Persons_Pipeline": 81, "Total_Injured_Persons_Rail": 3470, "Total_Injured_Persons_Rail_Freight": 7997, "Total_Injured_Persons_Rail_Freight_Highway_Rail_Grade_Crossing": null, "Total_Injured_Persons_Rail_Freight_Other_Incidents": null, "Total_Injured_Persons_Rail_Freight_Train_Accidents": null, "Total_Injured_Persons_Rail_Freight_Trespassers": null, "Total_Injured_Persons_Rail_Road_Trespassers": 513, "Total_Injured_Persons_Railroad": 1134, "Total_Injured_Persons_Railroad_Alone": 11459, "Total_Injured_Persons_Railroad_Train_Accidents": 33, "Total_Injured_Persons_Recreational_Boating": 4612, "Total_Injured_Persons_Train_Accidents_Rail_Roads": 129, "Total_Injured_Persons_Transit_Non_Rail": 42166, "Total_Injured_Persons_Transit_Rail": 13824, "Total_Injured_Persons_Transit_Total": 55990, "Total_Injured_Persons_Trespassers": null, "Total_Injured_Persons_Truck_Occupants_Large": 28767, "Total_Injured_Persons_Truck_Occupants_Light": 762506, "Total_Injured_Persons_US_Air_Carrier": 30, "Total_Injured_Persons_Water": null, "Total_Injured_Persons_Water_Not_Related_To_Vessel_Casualties": 579, "Total_Injured_Persons_Water_Vessel_Related": 130, "Year": "1998-01-04"},{"Total_Injured_Persons": 3264955, "Total_Injured_Persons_Air": 406, "Total_Injured_Persons_Bus_Occupants": 21958, "Total_Injured_Persons_Commuter_Carrier": 2, "Total_Injured_Persons_Employee_Or_Worker": null, "Total_Injured_Persons_Freight_Vessel": null, "Total_Injured_Persons_Gas_Pipeline": 88, "Total_Injured_Persons_General_Aviation": 322, "Total_Injured_Persons_Hazardous_Liquid_Pipeline": 20, "Total_Injured_Persons_Highway": 3236238, "Total_Injured_Persons_Highway_Rail_Grade_Crossing": 187, "Total_Injured_Persons_Highway_Rail_Grade_Crossing_Railroads": 1396, "Total_Injured_Persons_Industrial_Or_Other": null, "Total_Injured_Persons_Motorcyclists": 49986, "Total_Injured_Persons_On_Demand_Air_Taxi": 15, "Total_Injured_Persons_Other_Counts": null, "Total_Injured_Persons_Other_Incident": 10509, "Total_Injured_Persons_Other_Incident_Transit": null, "Total_Injured_Persons_Other_Incidents": null, "Total_Injured_Persons_Other_Incidents_Railroads": 9730, "Total_Injured_Persons_Passenger_Car_Occupants": 2137503, "Total_Injured_Persons_Passenger_Or_Occupant": null, "Total_Injured_Persons_Passenger_Vessel": null, "Total_Injured_Persons_Pedalcyclists": 51290, "Total_Injured_Persons_Pedestrians": 85235, "Total_Injured_Persons_Pipeline": 108, "Total_Injured_Persons_Rail": 3532, "Total_Injured_Persons_Rail_Freight": 8176, "Total_Injured_Persons_Rail_Freight_Highway_Rail_Grade_Crossing": null, "Total_Injured_Persons_Rail_Freight_Other_Incidents": null, "Total_Injured_Persons_Rail_Freight_Train_Accidents": null, "Total_Injured_Persons_Rail_Freight_Trespassers": null, "Total_Injured_Persons_Rail_Road_Trespassers": 444, "Total_Injured_Persons_Railroad": 1207, "Total_Injured_Persons_Railroad_Alone": 11700, "Total_Injured_Persons_Railroad_Train_Accidents": 46, "Total_Injured_Persons_Recreational_Boating": 4315, "Total_Injured_Persons_Train_Accidents_Rail_Roads": 130, "Total_Injured_Persons_Transit_Non_Rail": 42607, "Total_Injured_Persons_Transit_Rail": 12718, "Total_Injured_Persons_Transit_Total": 55325, "Total_Injured_Persons_Trespassers": null, "Total_Injured_Persons_Truck_Occupants_Large": 32892, "Total_Injured_Persons_Truck_Occupants_Light": 846865, "Total_Injured_Persons_US_Air_Carrier": 67, "Total_Injured_Persons_Water": null, "Total_Injured_Persons_Water_Not_Related_To_Vessel_Casualties": 525, "Total_Injured_Persons_Water_Vessel_Related": 152, "Year": "1999-01-04"},{"Total_Injured_Persons": 3218900, "Total_Injured_Persons_Air": 359, "Total_Injured_Persons_Bus_Occupants": 17769, "Total_Injured_Persons_Commuter_Carrier": 7, "Total_Injured_Persons_Employee_Or_Worker": null, "Total_Injured_Persons_Freight_Vessel": null, "Total_Injured_Persons_Gas_Pipeline": 77, "Total_Injured_Persons_General_Aviation": 309, "Total_Injured_Persons_Hazardous_Liquid_Pipeline": 4, "Total_Injured_Persons_Highway": 3188750, "Total_Injured_Persons_Highway_Rail_Grade_Crossing": 120, "Total_Injured_Persons_Highway_Rail_Grade_Crossing_Railroads": 1219, "Total_Injured_Persons_Industrial_Or_Other": null, "Total_Injured_Persons_Motorcyclists": 57723, "Total_Injured_Persons_On_Demand_Air_Taxi": 12, "Total_Injured_Persons_Other_Counts": null, "Total_Injured_Persons_Other_Incident": 15466, "Total_Injured_Persons_Other_Incident_Transit": null, "Total_Injured_Persons_Other_Incidents": 3490, "Total_Injured_Persons_Other_Incidents_Railroads": 9735, "Total_Injured_Persons_Passenger_Car_Occupants": 2051609, "Total_Injured_Persons_Passenger_Or_Occupant": null, "Total_Injured_Persons_Passenger_Vessel": null, "Total_Injured_Persons_Pedalcyclists": 51160, "Total_Injured_Persons_Pedestrians": 77625, "Total_Injured_Persons_Pipeline": 81, "Total_Injured_Persons_Rail": 3812, "Total_Injured_Persons_Rail_Freight": 7834, "Total_Injured_Persons_Rail_Freight_Highway_Rail_Grade_Crossing": 1099, "Total_Injured_Persons_Rail_Freight_Other_Incidents": 6245, "Total_Injured_Persons_Rail_Freight_Train_Accidents": 128, "Total_Injured_Persons_Rail_Freight_Trespassers": 362, "Total_Injured_Persons_Rail_Road_Trespassers": 414, "Total_Injured_Persons_Railroad": 1029, "Total_Injured_Persons_Railroad_Alone": 11643, "Total_Injured_Persons_Railroad_Train_Accidents": 150, "Total_Injured_Persons_Recreational_Boating": 4355, "Total_Injured_Persons_Train_Accidents_Rail_Roads": 275, "Total_Injured_Persons_Transit_Non_Rail": 42713, "Total_Injured_Persons_Transit_Rail": 13984, "Total_Injured_Persons_Transit_Total": 56697, "Total_Injured_Persons_Trespassers": 52, "Total_Injured_Persons_Truck_Occupants_Large": 30832, "Total_Injured_Persons_Truck_Occupants_Light": 886566, "Total_Injured_Persons_US_Air_Carrier": 31, "Total_Injured_Persons_Water": null, "Total_Injured_Persons_Water_Not_Related_To_Vessel_Casualties": 607, "Total_Injured_Persons_Water_Vessel_Related": 150, "Year": "2000-01-04"},{"Total_Injured_Persons": 3061790, "Total_Injured_Persons_Air": 368, "Total_Injured_Persons_Bus_Occupants": 15427, "Total_Injured_Persons_Commuter_Carrier": 4, "Total_Injured_Persons_Employee_Or_Worker": null, "Total_Injured_Persons_Freight_Vessel": null, "Total_Injured_Persons_Gas_Pipeline": 51, "Total_Injured_Persons_General_Aviation": 321, "Total_Injured_Persons_Hazardous_Liquid_Pipeline": 10, "Total_Injured_Persons_Highway": 3032672, "Total_Injured_Persons_Highway_Rail_Grade_Crossing": 125, "Total_Injured_Persons_Highway_Rail_Grade_Crossing_Railroads": 1157, "Total_Injured_Persons_Industrial_Or_Other": null, "Total_Injured_Persons_Motorcyclists": 60236, "Total_Injured_Persons_On_Demand_Air_Taxi": 24, "Total_Injured_Persons_Other_Counts": null, "Total_Injured_Persons_Other_Incident": 17536, "Total_Injured_Persons_Other_Incident_Transit": null, "Total_Injured_Persons_Other_Incidents": 3441, "Total_Injured_Persons_Other_Incidents_Railroads": 9114, "Total_Injured_Persons_Passenger_Car_Occupants": 1926625, "Total_Injured_Persons_Passenger_Or_Occupant": null, "Total_Injured_Persons_Passenger_Vessel": null, "Total_Injured_Persons_Pedalcyclists": 45277, "Total_Injured_Persons_Pedestrians": 77619, "Total_Injured_Persons_Pipeline": 61, "Total_Injured_Persons_Rail": 3847, "Total_Injured_Persons_Rail_Freight": 7138, "Total_Injured_Persons_Rail_Freight_Highway_Rail_Grade_Crossing": 1032, "Total_Injured_Persons_Rail_Freight_Other_Incidents": 5673, "Total_Injured_Persons_Rail_Freight_Train_Accidents": 96, "Total_Injured_Persons_Rail_Freight_Trespassers": 337, "Total_Injured_Persons_Rail_Road_Trespassers": 404, "Total_Injured_Persons_Railroad": 995, "Total_Injured_Persons_Railroad_Alone": 10985, "Total_Injured_Persons_Railroad_Train_Accidents": 214, "Total_Injured_Persons_Recreational_Boating": 4274, "Total_Injured_Persons_Train_Accidents_Rail_Roads": 310, "Total_Injured_Persons_Transit_Non_Rail": 40254, "Total_Injured_Persons_Transit_Rail": 13691, "Total_Injured_Persons_Transit_Total": 53945, "Total_Injured_Persons_Trespassers": 67, "Total_Injured_Persons_Truck_Occupants_Large": 29424, "Total_Injured_Persons_Truck_Occupants_Light": 860527, "Total_Injured_Persons_US_Air_Carrier": 19, "Total_Injured_Persons_Water": null, "Total_Injured_Persons_Water_Not_Related_To_Vessel_Casualties": 524, "Total_Injured_Persons_Water_Vessel_Related": 210, "Year": "2001-01-04"},{"Total_Injured_Persons": 2946446, "Total_Injured_Persons_Air": 337, "Total_Injured_Persons_Bus_Occupants": 18819, "Total_Injured_Persons_Commuter_Carrier": 0, "Total_Injured_Persons_Employee_Or_Worker": 1172, "Total_Injured_Persons_Freight_Vessel": 220, "Total_Injured_Persons_Gas_Pipeline": 49, "Total_Injured_Persons_General_Aviation": 297, "Total_Injured_Persons_Hazardous_Liquid_Pipeline": 0, "Total_Injured_Persons_Highway": 2925758, "Total_Injured_Persons_Highway_Rail_Grade_Crossing": 141, "Total_Injured_Persons_Highway_Rail_Grade_Crossing_Railroads": 999, "Total_Injured_Persons_Industrial_Or_Other": 160, "Total_Injured_Persons_Motorcyclists": 64713, "Total_Injured_Persons_On_Demand_Air_Taxi": 16, "Total_Injured_Persons_Other_Counts": null, "Total_Injured_Persons_Other_Incident": 13182, "Total_Injured_Persons_Other_Incident_Transit": 2828, "Total_Injured_Persons_Other_Incidents": 3085, "Total_Injured_Persons_Other_Incidents_Railroads": 7825, "Total_Injured_Persons_Passenger_Car_Occupants": 1804788, "Total_Injured_Persons_Passenger_Or_Occupant": 16233, "Total_Injured_Persons_Passenger_Vessel": 154, "Total_Injured_Persons_Pedalcyclists": 48011, "Total_Injured_Persons_Pedestrians": 70664, "Total_Injured_Persons_Pipeline": 49, "Total_Injured_Persons_Rail": 3628, "Total_Injured_Persons_Rail_Freight": 7477, "Total_Injured_Persons_Rail_Freight_Highway_Rail_Grade_Crossing": 860, "Total_Injured_Persons_Rail_Freight_Other_Incidents": 4740, "Total_Injured_Persons_Rail_Freight_Train_Accidents": 1535, "Total_Injured_Persons_Rail_Freight_Trespassers": 342, "Total_Injured_Persons_Rail_Road_Trespassers": 395, "Total_Injured_Persons_Railroad": 807, "Total_Injured_Persons_Railroad_Alone": 11103, "Total_Injured_Persons_Railroad_Train_Accidents": 349, "Total_Injured_Persons_Recreational_Boating": 4062, "Total_Injured_Persons_Train_Accidents_Rail_Roads": 1884, "Total_Injured_Persons_Transit_Non_Rail": 14823, "Total_Injured_Persons_Transit_Rail": 5382, "Total_Injured_Persons_Transit_Total": 20233, "Total_Injured_Persons_Trespassers": 53, "Total_Injured_Persons_Truck_Occupants_Large": 26242, "Total_Injured_Persons_Truck_Occupants_Light": 879338, "Total_Injured_Persons_US_Air_Carrier": 24, "Total_Injured_Persons_Water": 4596, "Total_Injured_Persons_Water_Not_Related_To_Vessel_Casualties": 663, "Total_Injured_Persons_Water_Vessel_Related": 102, "Year": "2002-01-04"},{"Total_Injured_Persons": 2906666, "Total_Injured_Persons_Air": 367, "Total_Injured_Persons_Bus_Occupants": 18174, "Total_Injured_Persons_Commuter_Carrier": 1, "Total_Injured_Persons_Employee_Or_Worker": 1194, "Total_Injured_Persons_Freight_Vessel": 298, "Total_Injured_Persons_Gas_Pipeline": 66, "Total_Injured_Persons_General_Aviation": 323, "Total_Injured_Persons_Hazardous_Liquid_Pipeline": 5, "Total_Injured_Persons_Highway": 2888601, "Total_Injured_Persons_Highway_Rail_Grade_Crossing": 193, "Total_Injured_Persons_Highway_Rail_Grade_Crossing_Railroads": 1035, "Total_Injured_Persons_Industrial_Or_Other": 167, "Total_Injured_Persons_Motorcyclists": 67103, "Total_Injured_Persons_On_Demand_Air_Taxi": 12, "Total_Injured_Persons_Other_Counts": null, "Total_Injured_Persons_Other_Incident": 14561, "Total_Injured_Persons_Other_Incident_Transit": 3570, "Total_Injured_Persons_Other_Incidents": 3073, "Total_Injured_Persons_Other_Incidents_Railroads": 7599, "Total_Injured_Persons_Passenger_Car_Occupants": 1756495, "Total_Injured_Persons_Passenger_Or_Occupant": 14863, "Total_Injured_Persons_Passenger_Vessel": 180, "Total_Injured_Persons_Pedalcyclists": 46378, "Total_Injured_Persons_Pedestrians": 69949, "Total_Injured_Persons_Pipeline": 71, "Total_Injured_Persons_Rail": 3430, "Total_Injured_Persons_Rail_Freight": 5834, "Total_Injured_Persons_Rail_Freight_Highway_Rail_Grade_Crossing": 842, "Total_Injured_Persons_Rail_Freight_Other_Incidents": 4526, "Total_Injured_Persons_Rail_Freight_Train_Accidents": 118, "Total_Injured_Persons_Rail_Freight_Trespassers": 348, "Total_Injured_Persons_Rail_Road_Trespassers": 398, "Total_Injured_Persons_Railroad": 888, "Total_Injured_Persons_Railroad_Alone": 9264, "Total_Injured_Persons_Railroad_Train_Accidents": 114, "Total_Injured_Persons_Recreational_Boating": 3888, "Total_Injured_Persons_Train_Accidents_Rail_Roads": 232, "Total_Injured_Persons_Transit_Non_Rail": 14909, "Total_Injured_Persons_Transit_Rail": 4689, "Total_Injured_Persons_Transit_Total": 19627, "Total_Injured_Persons_Trespassers": 50, "Total_Injured_Persons_Truck_Occupants_Large": 26893, "Total_Injured_Persons_Truck_Occupants_Light": 889048, "Total_Injured_Persons_US_Air_Carrier": 31, "Total_Injured_Persons_Water": 4533, "Total_Injured_Persons_Water_Not_Related_To_Vessel_Casualties": 695, "Total_Injured_Persons_Water_Vessel_Related": 135, "Year": "2003-01-04"},{"Total_Injured_Persons": 2806810, "Total_Injured_Persons_Air": 302, "Total_Injured_Persons_Bus_Occupants": 16410, "Total_Injured_Persons_Commuter_Carrier": 0, "Total_Injured_Persons_Employee_Or_Worker": 1104, "Total_Injured_Persons_Freight_Vessel": 232, "Total_Injured_Persons_Gas_Pipeline": 40, "Total_Injured_Persons_General_Aviation": 265, "Total_Injured_Persons_Hazardous_Liquid_Pipeline": 16, "Total_Injured_Persons_Highway": 2788378, "Total_Injured_Persons_Highway_Rail_Grade_Crossing": 137, "Total_Injured_Persons_Highway_Rail_Grade_Crossing_Railroads": 1094, "Total_Injured_Persons_Industrial_Or_Other": 157, "Total_Injured_Persons_Motorcyclists": 76379, "Total_Injured_Persons_On_Demand_Air_Taxi": 17, "Total_Injured_Persons_Other_Counts": null, "Total_Injured_Persons_Other_Incident": 16511, "Total_Injured_Persons_Other_Incident_Transit": 3741, "Total_Injured_Persons_Other_Incidents": 3034, "Total_Injured_Persons_Other_Incidents_Railroads": 7348, "Total_Injured_Persons_Passenger_Car_Occupants": 1642549, "Total_Injured_Persons_Passenger_Or_Occupant": 15610, "Total_Injured_Persons_Passenger_Vessel": 222, "Total_Injured_Persons_Pedalcyclists": 41086, "Total_Injured_Persons_Pedestrians": 67985, "Total_Injured_Persons_Pipeline": 56, "Total_Injured_Persons_Rail": 3374, "Total_Injured_Persons_Rail_Freight": 5825, "Total_Injured_Persons_Rail_Freight_Highway_Rail_Grade_Crossing": 957, "Total_Injured_Persons_Rail_Freight_Other_Incidents": 4314, "Total_Injured_Persons_Rail_Freight_Train_Accidents": 201, "Total_Injured_Persons_Rail_Freight_Trespassers": 353, "Total_Injured_Persons_Rail_Road_Trespassers": 406, "Total_Injured_Persons_Railroad": 921, "Total_Injured_Persons_Railroad_Alone": 9194, "Total_Injured_Persons_Railroad_Train_Accidents": 150, "Total_Injured_Persons_Recreational_Boating": 3363, "Total_Injured_Persons_Train_Accidents_Rail_Roads": 346, "Total_Injured_Persons_Transit_Non_Rail": 14628, "Total_Injured_Persons_Transit_Rail": 5803, "Total_Injured_Persons_Transit_Total": 20455, "Total_Injured_Persons_Trespassers": 53, "Total_Injured_Persons_Truck_Occupants_Large": 27287, "Total_Injured_Persons_Truck_Occupants_Light": 900171, "Total_Injured_Persons_US_Air_Carrier": 20, "Total_Injured_Persons_Water": 3974, "Total_Injured_Persons_Water_Not_Related_To_Vessel_Casualties": 537, "Total_Injured_Persons_Water_Vessel_Related": 141, "Year": "2004-01-04"},{"Total_Injured_Persons": 2716586, "Total_Injured_Persons_Air": 305, "Total_Injured_Persons_Bus_Occupants": 11133, "Total_Injured_Persons_Commuter_Carrier": 0, "Total_Injured_Persons_Employee_Or_Worker": 985, "Total_Injured_Persons_Freight_Vessel": 297, "Total_Injured_Persons_Gas_Pipeline": 44, "Total_Injured_Persons_General_Aviation": 271, "Total_Injured_Persons_Hazardous_Liquid_Pipeline": 2, "Total_Injured_Persons_Highway": 2699000, "Total_Injured_Persons_Highway_Rail_Grade_Crossing": 144, "Total_Injured_Persons_Highway_Rail_Grade_Crossing_Railroads": 1053, "Total_Injured_Persons_Industrial_Or_Other": 176, "Total_Injured_Persons_Motorcyclists": 87335, "Total_Injured_Persons_On_Demand_Air_Taxi": 20, "Total_Injured_Persons_Other_Counts": null, "Total_Injured_Persons_Other_Incident": 17806, "Total_Injured_Persons_Other_Incident_Transit": 3143, "Total_Injured_Persons_Other_Incidents": 2963, "Total_Injured_Persons_Other_Incidents_Railroads": 7290, "Total_Injured_Persons_Passenger_Car_Occupants": 1573396, "Total_Injured_Persons_Passenger_Or_Occupant": 14900, "Total_Injured_Persons_Passenger_Vessel": 201, "Total_Injured_Persons_Pedalcyclists": 45439, "Total_Injured_Persons_Pedestrians": 64446, "Total_Injured_Persons_Pipeline": 46, "Total_Injured_Persons_Rail": 3512, "Total_Injured_Persons_Rail_Freight": 6038, "Total_Injured_Persons_Rail_Freight_Highway_Rail_Grade_Crossing": 909, "Total_Injured_Persons_Rail_Freight_Other_Incidents": 4327, "Total_Injured_Persons_Rail_Freight_Train_Accidents": 443, "Total_Injured_Persons_Rail_Freight_Trespassers": 359, "Total_Injured_Persons_Rail_Road_Trespassers": 420, "Total_Injured_Persons_Railroad": 875, "Total_Injured_Persons_Railroad_Alone": 9550, "Total_Injured_Persons_Railroad_Train_Accidents": 344, "Total_Injured_Persons_Recreational_Boating": 3451, "Total_Injured_Persons_Train_Accidents_Rail_Roads": 787, "Total_Injured_Persons_Transit_Non_Rail": 14593, "Total_Injured_Persons_Transit_Rail": 4428, "Total_Injured_Persons_Transit_Total": 19028, "Total_Injured_Persons_Trespassers": 61, "Total_Injured_Persons_Truck_Occupants_Large": 27284, "Total_Injured_Persons_Truck_Occupants_Light": 872137, "Total_Injured_Persons_US_Air_Carrier": 14, "Total_Injured_Persons_Water": 4125, "Total_Injured_Persons_Water_Not_Related_To_Vessel_Casualties": 603, "Total_Injured_Persons_Water_Vessel_Related": 116, "Year": "2005-01-04"},{"Total_Injured_Persons": 2592859, "Total_Injured_Persons_Air": 286, "Total_Injured_Persons_Bus_Occupants": 9839, "Total_Injured_Persons_Commuter_Carrier": 1, "Total_Injured_Persons_Employee_Or_Worker": 1213, "Total_Injured_Persons_Freight_Vessel": 276, "Total_Injured_Persons_Gas_Pipeline": 32, "Total_Injured_Persons_General_Aviation": 265, "Total_Injured_Persons_Hazardous_Liquid_Pipeline": 2, "Total_Injured_Persons_Highway": 2575000, "Total_Injured_Persons_Highway_Rail_Grade_Crossing": 183, "Total_Injured_Persons_Highway_Rail_Grade_Crossing_Railroads": 1070, "Total_Injured_Persons_Industrial_Or_Other": 233, "Total_Injured_Persons_Motorcyclists": 88652, "Total_Injured_Persons_On_Demand_Air_Taxi": 11, "Total_Injured_Persons_Other_Counts": null, "Total_Injured_Persons_Other_Incident": 17989, "Total_Injured_Persons_Other_Incident_Transit": 3136, "Total_Injured_Persons_Other_Incidents": 3104, "Total_Injured_Persons_Other_Incidents_Railroads": 7026, "Total_Injured_Persons_Passenger_Car_Occupants": 1474536, "Total_Injured_Persons_Passenger_Or_Occupant": 15702, "Total_Injured_Persons_Passenger_Vessel": 240, "Total_Injured_Persons_Pedalcyclists": 44012, "Total_Injured_Persons_Pedestrians": 60924, "Total_Injured_Persons_Pipeline": 34, "Total_Injured_Persons_Rail": 3430, "Total_Injured_Persons_Rail_Freight": 5373, "Total_Injured_Persons_Rail_Freight_Highway_Rail_Grade_Crossing": 887, "Total_Injured_Persons_Rail_Freight_Other_Incidents": 3928, "Total_Injured_Persons_Rail_Freight_Train_Accidents": 134, "Total_Injured_Persons_Rail_Freight_Trespassers": 424, "Total_Injured_Persons_Rail_Road_Trespassers": 481, "Total_Injured_Persons_Railroad": 901, "Total_Injured_Persons_Railroad_Alone": 8797, "Total_Injured_Persons_Railroad_Train_Accidents": 86, "Total_Injured_Persons_Recreational_Boating": 3474, "Total_Injured_Persons_Train_Accidents_Rail_Roads": 220, "Total_Injured_Persons_Transit_Non_Rail": 14631, "Total_Injured_Persons_Transit_Rail": 5401, "Total_Injured_Persons_Transit_Total": 20051, "Total_Injured_Persons_Trespassers": 57, "Total_Injured_Persons_Truck_Occupants_Large": 23815, "Total_Injured_Persons_Truck_Occupants_Light": 856896, "Total_Injured_Persons_US_Air_Carrier": 9, "Total_Injured_Persons_Water": 4223, "Total_Injured_Persons_Water_Not_Related_To_Vessel_Casualties": 736, "Total_Injured_Persons_Water_Vessel_Related": 283, "Year": "2006-01-04"},{"Total_Injured_Persons": 2510311, "Total_Injured_Persons_Air": 291, "Total_Injured_Persons_Bus_Occupants": 12141, "Total_Injured_Persons_Commuter_Carrier": 0, "Total_Injured_Persons_Employee_Or_Worker": 1921, "Total_Injured_Persons_Freight_Vessel": 222, "Total_Injured_Persons_Gas_Pipeline": 36, "Total_Injured_Persons_General_Aviation": 255, "Total_Injured_Persons_Hazardous_Liquid_Pipeline": 10, "Total_Injured_Persons_Highway": 2491000, "Total_Injured_Persons_Highway_Rail_Grade_Crossing": 168, "Total_Injured_Persons_Highway_Rail_Grade_Crossing_Railroads": 1059, "Total_Injured_Persons_Industrial_Or_Other": 165, "Total_Injured_Persons_Motorcyclists": 102994, "Total_Injured_Persons_On_Demand_Air_Taxi": 20, "Total_Injured_Persons_Other_Counts": null, "Total_Injured_Persons_Other_Incident": 17685, "Total_Injured_Persons_Other_Incident_Transit": 3565, "Total_Injured_Persons_Other_Incidents": 3682, "Total_Injured_Persons_Other_Incidents_Railroads": 7894, "Total_Injured_Persons_Passenger_Car_Occupants": 1379181, "Total_Injured_Persons_Passenger_Or_Occupant": 16530, "Total_Injured_Persons_Passenger_Vessel": 241, "Total_Injured_Persons_Pedalcyclists": 43481, "Total_Injured_Persons_Pedestrians": 70286, "Total_Injured_Persons_Pipeline": 46, "Total_Injured_Persons_Rail": 4107, "Total_Injured_Persons_Rail_Freight": 5563, "Total_Injured_Persons_Rail_Freight_Highway_Rail_Grade_Crossing": 891, "Total_Injured_Persons_Rail_Freight_Other_Incidents": 4212, "Total_Injured_Persons_Rail_Freight_Train_Accidents": 99, "Total_Injured_Persons_Rail_Freight_Trespassers": 361, "Total_Injured_Persons_Rail_Road_Trespassers": 407, "Total_Injured_Persons_Railroad": 843, "Total_Injured_Persons_Railroad_Alone": 9669, "Total_Injured_Persons_Railroad_Train_Accidents": 211, "Total_Injured_Persons_Recreational_Boating": 3673, "Total_Injured_Persons_Train_Accidents_Rail_Roads": 309, "Total_Injured_Persons_Transit_Non_Rail": 16169, "Total_Injured_Persons_Transit_Rail": 5836, "Total_Injured_Persons_Transit_Total": 22016, "Total_Injured_Persons_Trespassers": 46, "Total_Injured_Persons_Truck_Occupants_Large": 23314, "Total_Injured_Persons_Truck_Occupants_Light": 841451, "Total_Injured_Persons_US_Air_Carrier": 16, "Total_Injured_Persons_Water": 4301, "Total_Injured_Persons_Water_Not_Related_To_Vessel_Casualties": 615, "Total_Injured_Persons_Water_Vessel_Related": 115, "Year": "2007-01-04"},{"Total_Injured_Persons": 2366743, "Total_Injured_Persons_Air": 299, "Total_Injured_Persons_Bus_Occupants": 15149, "Total_Injured_Persons_Commuter_Carrier": 2, "Total_Injured_Persons_Employee_Or_Worker": 1535, "Total_Injured_Persons_Freight_Vessel": 220, "Total_Injured_Persons_Gas_Pipeline": 52, "Total_Injured_Persons_General_Aviation": 259, "Total_Injured_Persons_Hazardous_Liquid_Pipeline": 2, "Total_Injured_Persons_Highway": 2346000, "Total_Injured_Persons_Highway_Rail_Grade_Crossing": 206, "Total_Injured_Persons_Highway_Rail_Grade_Crossing_Railroads": 990, "Total_Injured_Persons_Industrial_Or_Other": 135, "Total_Injured_Persons_Motorcyclists": 95986, "Total_Injured_Persons_On_Demand_Air_Taxi": 12, "Total_Injured_Persons_Other_Counts": null, "Total_Injured_Persons_Other_Incident": 18011, "Total_Injured_Persons_Other_Incident_Transit": 6198, "Total_Injured_Persons_Other_Incidents": 3513, "Total_Injured_Persons_Other_Incidents_Railroads": 7319, "Total_Injured_Persons_Passenger_Car_Occupants": 1304006, "Total_Injured_Persons_Passenger_Or_Occupant": 16884, "Total_Injured_Persons_Passenger_Vessel": 201, "Total_Injured_Persons_Pedalcyclists": 52395, "Total_Injured_Persons_Pedestrians": 68832, "Total_Injured_Persons_Pipeline": 54, "Total_Injured_Persons_Rail": 4028, "Total_Injured_Persons_Rail_Freight": 5039, "Total_Injured_Persons_Rail_Freight_Highway_Rail_Grade_Crossing": 787, "Total_Injured_Persons_Rail_Freight_Other_Incidents": 3808, "Total_Injured_Persons_Rail_Freight_Train_Accidents": 80, "Total_Injured_Persons_Rail_Freight_Trespassers": 364, "Total_Injured_Persons_Rail_Road_Trespassers": 432, "Total_Injured_Persons_Railroad": 841, "Total_Injured_Persons_Railroad_Alone": 9062, "Total_Injured_Persons_Railroad_Train_Accidents": 241, "Total_Injured_Persons_Recreational_Boating": 3331, "Total_Injured_Persons_Train_Accidents_Rail_Roads": 321, "Total_Injured_Persons_Transit_Non_Rail": 16335, "Total_Injured_Persons_Transit_Rail": 8260, "Total_Injured_Persons_Transit_Total": 24617, "Total_Injured_Persons_Trespassers": 68, "Total_Injured_Persons_Truck_Occupants_Large": 22947, "Total_Injured_Persons_Truck_Occupants_Light": 768410, "Total_Injured_Persons_US_Air_Carrier": 26, "Total_Injured_Persons_Water": 3887, "Total_Injured_Persons_Water_Not_Related_To_Vessel_Casualties": 532, "Total_Injured_Persons_Water_Vessel_Related": 118, "Year": "2008-01-04"},{"Total_Injured_Persons": 2237367, "Total_Injured_Persons_Air": 301, "Total_Injured_Persons_Bus_Occupants": 12000, "Total_Injured_Persons_Commuter_Carrier": 1, "Total_Injured_Persons_Employee_Or_Worker": 1454, "Total_Injured_Persons_Freight_Vessel": 217, "Total_Injured_Persons_Gas_Pipeline": 58, "Total_Injured_Persons_General_Aviation": 273, "Total_Injured_Persons_Hazardous_Liquid_Pipeline": 4, "Total_Injured_Persons_Highway": 2217000, "Total_Injured_Persons_Highway_Rail_Grade_Crossing": 165, "Total_Injured_Persons_Highway_Rail_Grade_Crossing_Railroads": 743, "Total_Injured_Persons_Industrial_Or_Other": 169, "Total_Injured_Persons_Motorcyclists": 90000, "Total_Injured_Persons_On_Demand_Air_Taxi": 4, "Total_Injured_Persons_Other_Counts": null, "Total_Injured_Persons_Other_Incident": 14000, "Total_Injured_Persons_Other_Incident_Transit": 6596, "Total_Injured_Persons_Other_Incidents": 3574, "Total_Injured_Persons_Other_Incidents_Railroads": 6809, "Total_Injured_Persons_Passenger_Car_Occupants": 1216000, "Total_Injured_Persons_Passenger_Or_Occupant": 18210, "Total_Injured_Persons_Passenger_Vessel": 199, "Total_Injured_Persons_Pedalcyclists": 51000, "Total_Injured_Persons_Pedestrians": 59000, "Total_Injured_Persons_Pipeline": 62, "Total_Injured_Persons_Rail": 3866, "Total_Injured_Persons_Rail_Freight": 4159, "Total_Injured_Persons_Rail_Freight_Highway_Rail_Grade_Crossing": 578, "Total_Injured_Persons_Rail_Freight_Other_Incidents": 3237, "Total_Injured_Persons_Rail_Freight_Train_Accidents": 60, "Total_Injured_Persons_Rail_Freight_Trespassers": 284, "Total_Injured_Persons_Rail_Road_Trespassers": 344, "Total_Injured_Persons_Railroad": 603, "Total_Injured_Persons_Railroad_Alone": 8023, "Total_Injured_Persons_Railroad_Train_Accidents": 67, "Total_Injured_Persons_Recreational_Boating": 3358, "Total_Injured_Persons_Train_Accidents_Rail_Roads": 127, "Total_Injured_Persons_Transit_Non_Rail": 17619, "Total_Injured_Persons_Transit_Rail": 8604, "Total_Injured_Persons_Transit_Total": 26260, "Total_Injured_Persons_Trespassers": 60, "Total_Injured_Persons_Truck_Occupants_Large": 17000, "Total_Injured_Persons_Truck_Occupants_Light": 759000, "Total_Injured_Persons_US_Air_Carrier": 23, "Total_Injured_Persons_Water": 3943, "Total_Injured_Persons_Water_Not_Related_To_Vessel_Casualties": 544, "Total_Injured_Persons_Water_Vessel_Related": 129, "Year": "2009-01-04"},{"Total_Injured_Persons": 2259336, "Total_Injured_Persons_Air": 278, "Total_Injured_Persons_Bus_Occupants": 17000, "Total_Injured_Persons_Commuter_Carrier": 2, "Total_Injured_Persons_Employee_Or_Worker": 1369, "Total_Injured_Persons_Freight_Vessel": 254, "Total_Injured_Persons_Gas_Pipeline": 100, "Total_Injured_Persons_General_Aviation": 256, "Total_Injured_Persons_Hazardous_Liquid_Pipeline": 3, "Total_Injured_Persons_Highway": 2239000, "Total_Injured_Persons_Highway_Rail_Grade_Crossing": 222, "Total_Injured_Persons_Highway_Rail_Grade_Crossing_Railroads": 888, "Total_Injured_Persons_Industrial_Or_Other": 153, "Total_Injured_Persons_Motorcyclists": 82000, "Total_Injured_Persons_On_Demand_Air_Taxi": 3, "Total_Injured_Persons_Other_Counts": null, "Total_Injured_Persons_Other_Incident": 13000, "Total_Injured_Persons_Other_Incident_Transit": 4777, "Total_Injured_Persons_Other_Incidents": 3923, "Total_Injured_Persons_Other_Incidents_Railroads": 6990, "Total_Injured_Persons_Passenger_Car_Occupants": 1253000, "Total_Injured_Persons_Passenger_Or_Occupant": 19076, "Total_Injured_Persons_Passenger_Vessel": 210, "Total_Injured_Persons_Pedalcyclists": 52000, "Total_Injured_Persons_Pedestrians": 70000, "Total_Injured_Persons_Pipeline": 103, "Total_Injured_Persons_Rail": 4282, "Total_Injured_Persons_Rail_Freight": 4097, "Total_Injured_Persons_Rail_Freight_Highway_Rail_Grade_Crossing": 667, "Total_Injured_Persons_Rail_Freight_Other_Incidents": 3067, "Total_Injured_Persons_Rail_Freight_Train_Accidents": 53, "Total_Injured_Persons_Rail_Freight_Trespassers": 310, "Total_Injured_Persons_Rail_Road_Trespassers": 390, "Total_Injured_Persons_Railroad": 718, "Total_Injured_Persons_Railroad_Alone": 8378, "Total_Injured_Persons_Railroad_Train_Accidents": 57, "Total_Injured_Persons_Recreational_Boating": 3153, "Total_Injured_Persons_Train_Accidents_Rail_Roads": 110, "Total_Injured_Persons_Transit_Non_Rail": 16697, "Total_Injured_Persons_Transit_Rail": 8436, "Total_Injured_Persons_Transit_Total": 25222, "Total_Injured_Persons_Trespassers": 80, "Total_Injured_Persons_Truck_Occupants_Large": 20000, "Total_Injured_Persons_Truck_Occupants_Light": 733000, "Total_Injured_Persons_US_Air_Carrier": 17, "Total_Injured_Persons_Water": 3770, "Total_Injured_Persons_Water_Not_Related_To_Vessel_Casualties": 622, "Total_Injured_Persons_Water_Vessel_Related": 128, "Year": "2010-01-04"},{"Total_Injured_Persons": 2237019, "Total_Injured_Persons_Air": 363, "Total_Injured_Persons_Bus_Occupants": 13000, "Total_Injured_Persons_Commuter_Carrier": 0, "Total_Injured_Persons_Employee_Or_Worker": 1377, "Total_Injured_Persons_Freight_Vessel": 232, "Total_Injured_Persons_Gas_Pipeline": 49, "Total_Injured_Persons_General_Aviation": 328, "Total_Injured_Persons_Hazardous_Liquid_Pipeline": 2, "Total_Injured_Persons_Highway": 2217000, "Total_Injured_Persons_Highway_Rail_Grade_Crossing": 352, "Total_Injured_Persons_Highway_Rail_Grade_Crossing_Railroads": 1048, "Total_Injured_Persons_Industrial_Or_Other": 158, "Total_Injured_Persons_Motorcyclists": 81000, "Total_Injured_Persons_On_Demand_Air_Taxi": 15, "Total_Injured_Persons_Other_Counts": null, "Total_Injured_Persons_Other_Incident": 15000, "Total_Injured_Persons_Other_Incident_Transit": 5621, "Total_Injured_Persons_Other_Incidents": 3935, "Total_Injured_Persons_Other_Incidents_Railroads": 6808, "Total_Injured_Persons_Passenger_Car_Occupants": 1240000, "Total_Injured_Persons_Passenger_Or_Occupant": 15921, "Total_Injured_Persons_Passenger_Vessel": 352, "Total_Injured_Persons_Pedalcyclists": 48000, "Total_Injured_Persons_Pedestrians": 69000, "Total_Injured_Persons_Pipeline": 51, "Total_Injured_Persons_Rail": 4486, "Total_Injured_Persons_Rail_Freight": 3953, "Total_Injured_Persons_Rail_Freight_Highway_Rail_Grade_Crossing": 696, "Total_Injured_Persons_Rail_Freight_Other_Incidents": 2873, "Total_Injured_Persons_Rail_Freight_Train_Accidents": 60, "Total_Injured_Persons_Rail_Freight_Trespassers": 324, "Total_Injured_Persons_Rail_Road_Trespassers": 366, "Total_Injured_Persons_Railroad": 830, "Total_Injured_Persons_Railroad_Alone": 8439, "Total_Injured_Persons_Railroad_Train_Accidents": 157, "Total_Injured_Persons_Recreational_Boating": 3081, "Total_Injured_Persons_Train_Accidents_Rail_Roads": 217, "Total_Injured_Persons_Transit_Non_Rail": 14746, "Total_Injured_Persons_Transit_Rail": 8057, "Total_Injured_Persons_Transit_Total": 22919, "Total_Injured_Persons_Trespassers": 42, "Total_Injured_Persons_Truck_Occupants_Large": 23000, "Total_Injured_Persons_Truck_Occupants_Light": 728000, "Total_Injured_Persons_US_Air_Carrier": 20, "Total_Injured_Persons_Water": 3823, "Total_Injured_Persons_Water_Not_Related_To_Vessel_Casualties": 720, "Total_Injured_Persons_Water_Vessel_Related": 99, "Year": "2011-01-04"},{"Total_Injured_Persons": 2381619, "Total_Injured_Persons_Air": 274, "Total_Injured_Persons_Bus_Occupants": 12000, "Total_Injured_Persons_Commuter_Carrier": 0, "Total_Injured_Persons_Employee_Or_Worker": 1439, "Total_Injured_Persons_Freight_Vessel": 58, "Total_Injured_Persons_Gas_Pipeline": 50, "Total_Injured_Persons_General_Aviation": 247, "Total_Injured_Persons_Hazardous_Liquid_Pipeline": 4, "Total_Injured_Persons_Highway": 2362000, "Total_Injured_Persons_Highway_Rail_Grade_Crossing": 283, "Total_Injured_Persons_Highway_Rail_Grade_Crossing_Railroads": 971, "Total_Injured_Persons_Industrial_Or_Other": 92, "Total_Injured_Persons_Motorcyclists": 93000, "Total_Injured_Persons_On_Demand_Air_Taxi": 9, "Total_Injured_Persons_Other_Counts": null, "Total_Injured_Persons_Other_Incident": 16000, "Total_Injured_Persons_Other_Incident_Transit": 5726, "Total_Injured_Persons_Other_Incidents": 4029, "Total_Injured_Persons_Other_Incidents_Railroads": 6606, "Total_Injured_Persons_Passenger_Car_Occupants": 1328000, "Total_Injured_Persons_Passenger_Or_Occupant": 16160, "Total_Injured_Persons_Passenger_Vessel": 177, "Total_Injured_Persons_Pedalcyclists": 49000, "Total_Injured_Persons_Pedestrians": 76000, "Total_Injured_Persons_Pipeline": 54, "Total_Injured_Persons_Rail": 4425, "Total_Injured_Persons_Rail_Freight": 4034, "Total_Injured_Persons_Rail_Freight_Highway_Rail_Grade_Crossing": 698, "Total_Injured_Persons_Rail_Freight_Other_Incidents": 2576, "Total_Injured_Persons_Rail_Freight_Train_Accidents": 429, "Total_Injured_Persons_Rail_Freight_Trespassers": 330, "Total_Injured_Persons_Rail_Road_Trespassers": 410, "Total_Injured_Persons_Railroad": 763, "Total_Injured_Persons_Railroad_Alone": 8449, "Total_Injured_Persons_Railroad_Train_Accidents": 33, "Total_Injured_Persons_Recreational_Boating": 3000, "Total_Injured_Persons_Train_Accidents_Rail_Roads": 462, "Total_Injured_Persons_Transit_Non_Rail": 15047, "Total_Injured_Persons_Transit_Rail": 8278, "Total_Injured_Persons_Transit_Total": 23325, "Total_Injured_Persons_Trespassers": 80, "Total_Injured_Persons_Truck_Occupants_Large": 25000, "Total_Injured_Persons_Truck_Occupants_Light": 762000, "Total_Injured_Persons_US_Air_Carrier": 18, "Total_Injured_Persons_Water": 3327, "Total_Injured_Persons_Water_Not_Related_To_Vessel_Casualties": 682, "Total_Injured_Persons_Water_Vessel_Related": 137, "Year": "2012-01-04"},{"Total_Injured_Persons": 2333501, "Total_Injured_Persons_Air": 249, "Total_Injured_Persons_Bus_Occupants": 23000, "Total_Injured_Persons_Commuter_Carrier": 9, "Total_Injured_Persons_Employee_Or_Worker": 1554, "Total_Injured_Persons_Freight_Vessel": 196, "Total_Injured_Persons_Gas_Pipeline": 36, "Total_Injured_Persons_General_Aviation": 215, "Total_Injured_Persons_Hazardous_Liquid_Pipeline": 6, "Total_Injured_Persons_Highway": 2313000, "Total_Injured_Persons_Highway_Rail_Grade_Crossing": 221, "Total_Injured_Persons_Highway_Rail_Grade_Crossing_Railroads": 975, "Total_Injured_Persons_Industrial_Or_Other": 157, "Total_Injured_Persons_Motorcyclists": 88000, "Total_Injured_Persons_On_Demand_Air_Taxi": 16, "Total_Injured_Persons_Other_Counts": null, "Total_Injured_Persons_Other_Incident": 16000, "Total_Injured_Persons_Other_Incident_Transit": 6444, "Total_Injured_Persons_Other_Incidents": 4179, "Total_Injured_Persons_Other_Incidents_Railroads": 7002, "Total_Injured_Persons_Passenger_Car_Occupants": 1296000, "Total_Injured_Persons_Passenger_Or_Occupant": 16624, "Total_Injured_Persons_Passenger_Vessel": 459, "Total_Injured_Persons_Pedalcyclists": 48000, "Total_Injured_Persons_Pedestrians": 66000, "Total_Injured_Persons_Pipeline": 42, "Total_Injured_Persons_Rail": 4736, "Total_Injured_Persons_Rail_Freight": 4003, "Total_Injured_Persons_Rail_Freight_Highway_Rail_Grade_Crossing": 754, "Total_Injured_Persons_Rail_Freight_Other_Incidents": 2823, "Total_Injured_Persons_Rail_Freight_Train_Accidents": 71, "Total_Injured_Persons_Rail_Freight_Trespassers": 355, "Total_Injured_Persons_Rail_Road_Trespassers": 434, "Total_Injured_Persons_Railroad": 778, "Total_Injured_Persons_Railroad_Alone": 8739, "Total_Injured_Persons_Railroad_Train_Accidents": 257, "Total_Injured_Persons_Recreational_Boating": 2620, "Total_Injured_Persons_Train_Accidents_Rail_Roads": 328, "Total_Injured_Persons_Transit_Non_Rail": 15805, "Total_Injured_Persons_Transit_Rail": 8817, "Total_Injured_Persons_Transit_Total": 24622, "Total_Injured_Persons_Trespassers": 79, "Total_Injured_Persons_Truck_Occupants_Large": 24000, "Total_Injured_Persons_Truck_Occupants_Light": 750000, "Total_Injured_Persons_US_Air_Carrier": 9, "Total_Injured_Persons_Water": 3432, "Total_Injured_Persons_Water_Not_Related_To_Vessel_Casualties": 589, "Total_Injured_Persons_Water_Vessel_Related": 164, "Year": "2013-01-04"},{"Total_Injured_Persons": 2351372, "Total_Injured_Persons_Air": 263, "Total_Injured_Persons_Bus_Occupants": 14000, "Total_Injured_Persons_Commuter_Carrier": 0, "Total_Injured_Persons_Employee_Or_Worker": 1680, "Total_Injured_Persons_Freight_Vessel": 225, "Total_Injured_Persons_Gas_Pipeline": 93, "Total_Injured_Persons_General_Aviation": 234, "Total_Injured_Persons_Hazardous_Liquid_Pipeline": 0, "Total_Injured_Persons_Highway": 2332000, "Total_Injured_Persons_Highway_Rail_Grade_Crossing": 195, "Total_Injured_Persons_Highway_Rail_Grade_Crossing_Railroads": 872, "Total_Injured_Persons_Industrial_Or_Other": 144, "Total_Injured_Persons_Motorcyclists": 92000, "Total_Injured_Persons_On_Demand_Air_Taxi": 15, "Total_Injured_Persons_Other_Counts": null, "Total_Injured_Persons_Other_Incident": 10000, "Total_Injured_Persons_Other_Incident_Transit": 5264, "Total_Injured_Persons_Other_Incidents": 4345, "Total_Injured_Persons_Other_Incidents_Railroads": 7351, "Total_Injured_Persons_Passenger_Car_Occupants": 1292000, "Total_Injured_Persons_Passenger_Or_Occupant": 17101, "Total_Injured_Persons_Passenger_Vessel": 337, "Total_Injured_Persons_Pedalcyclists": 50000, "Total_Injured_Persons_Pedestrians": 65000, "Total_Injured_Persons_Pipeline": 93, "Total_Injured_Persons_Rail": 4689, "Total_Injured_Persons_Rail_Freight": 4102, "Total_Injured_Persons_Rail_Freight_Highway_Rail_Grade_Crossing": 679, "Total_Injured_Persons_Rail_Freight_Other_Incidents": 3009, "Total_Injured_Persons_Rail_Freight_Train_Accidents": 51, "Total_Injured_Persons_Rail_Freight_Trespassers": 363, "Total_Injured_Persons_Rail_Road_Trespassers": 424, "Total_Injured_Persons_Railroad": 667, "Total_Injured_Persons_Railroad_Alone": 8786, "Total_Injured_Persons_Railroad_Train_Accidents": 88, "Total_Injured_Persons_Recreational_Boating": 2678, "Total_Injured_Persons_Train_Accidents_Rail_Roads": 139, "Total_Injured_Persons_Transit_Non_Rail": 16532, "Total_Injured_Persons_Transit_Rail": 7513, "Total_Injured_Persons_Transit_Total": 24045, "Total_Injured_Persons_Trespassers": 61, "Total_Injured_Persons_Truck_Occupants_Large": 27000, "Total_Injured_Persons_Truck_Occupants_Light": 782000, "Total_Injured_Persons_US_Air_Carrier": 14, "Total_Injured_Persons_Water": 3384, "Total_Injured_Persons_Water_Not_Related_To_Vessel_Casualties": 608, "Total_Injured_Persons_Water_Vessel_Related": 98, "Year": "2014-01-04"},{"Total_Injured_Persons": 2443175, "Total_Injured_Persons_Air": 284, "Total_Injured_Persons_Bus_Occupants": null, "Total_Injured_Persons_Commuter_Carrier": 4, "Total_Injured_Persons_Employee_Or_Worker": 1794, "Total_Injured_Persons_Freight_Vessel": 165, "Total_Injured_Persons_Gas_Pipeline": 49, "Total_Injured_Persons_General_Aviation": 248, "Total_Injured_Persons_Hazardous_Liquid_Pipeline": 0, "Total_Injured_Persons_Highway": 2424000, "Total_Injured_Persons_Highway_Rail_Grade_Crossing": 322, "Total_Injured_Persons_Highway_Rail_Grade_Crossing_Railroads": 1032, "Total_Injured_Persons_Industrial_Or_Other": 74, "Total_Injured_Persons_Motorcyclists": 88000, "Total_Injured_Persons_On_Demand_Air_Taxi": 9, "Total_Injured_Persons_Other_Counts": null, "Total_Injured_Persons_Other_Incident": 10000, "Total_Injured_Persons_Other_Incident_Transit": 3563, "Total_Injured_Persons_Other_Incidents": 4282, "Total_Injured_Persons_Other_Incidents_Railroads": 7065, "Total_Injured_Persons_Passenger_Car_Occupants": 1378000, "Total_Injured_Persons_Passenger_Or_Occupant": 18895, "Total_Injured_Persons_Passenger_Vessel": 313, "Total_Injured_Persons_Pedalcyclists": 45000, "Total_Injured_Persons_Pedestrians": 70000, "Total_Injured_Persons_Pipeline": 49, "Total_Injured_Persons_Rail": 4969, "Total_Injured_Persons_Rail_Freight": 4101, "Total_Injured_Persons_Rail_Freight_Highway_Rail_Grade_Crossing": 710, "Total_Injured_Persons_Rail_Freight_Other_Incidents": 2783, "Total_Injured_Persons_Rail_Freight_Train_Accidents": 263, "Total_Injured_Persons_Rail_Freight_Trespassers": 345, "Total_Injured_Persons_Rail_Road_Trespassers": 415, "Total_Injured_Persons_Railroad": 860, "Total_Injured_Persons_Railroad_Alone": 9070, "Total_Injured_Persons_Railroad_Train_Accidents": 295, "Total_Injured_Persons_Recreational_Boating": 2679, "Total_Injured_Persons_Train_Accidents_Rail_Roads": 558, "Total_Injured_Persons_Transit_Non_Rail": 16851, "Total_Injured_Persons_Transit_Rail": 7401, "Total_Injured_Persons_Transit_Total": 24252, "Total_Injured_Persons_Trespassers": 70, "Total_Injured_Persons_Truck_Occupants_Large": 30000, "Total_Injured_Persons_Truck_Occupants_Light": 803000, "Total_Injured_Persons_US_Air_Carrier": 23, "Total_Injured_Persons_Water": 3231, "Total_Injured_Persons_Water_Not_Related_To_Vessel_Casualties": 424, "Total_Injured_Persons_Water_Vessel_Related": 128, "Year": "2015-01-04"},{"Total_Injured_Persons": null, "Total_Injured_Persons_Air": null, "Total_Injured_Persons_Bus_Occupants": null, "Total_Injured_Persons_Commuter_Carrier": null, "Total_Injured_Persons_Employee_Or_Worker": null, "Total_Injured_Persons_Freight_Vessel": null, "Total_Injured_Persons_Gas_Pipeline": 75, "Total_Injured_Persons_General_Aviation": null, "Total_Injured_Persons_Hazardous_Liquid_Pipeline": 5, "Total_Injured_Persons_Highway": null, "Total_Injured_Persons_Highway_Rail_Grade_Crossing": 202, "Total_Injured_Persons_Highway_Rail_Grade_Crossing_Railroads": 797, "Total_Injured_Persons_Industrial_Or_Other": null, "Total_Injured_Persons_Motorcyclists": null, "Total_Injured_Persons_On_Demand_Air_Taxi": null, "Total_Injured_Persons_Other_Counts": null, "Total_Injured_Persons_Other_Incident": null, "Total_Injured_Persons_Other_Incident_Transit": null, "Total_Injured_Persons_Other_Incidents": 3909, "Total_Injured_Persons_Other_Incidents_Railroads": 6397, "Total_Injured_Persons_Passenger_Car_Occupants": null, "Total_Injured_Persons_Passenger_Or_Occupant": null, "Total_Injured_Persons_Passenger_Vessel": null, "Total_Injured_Persons_Pedalcyclists": null, "Total_Injured_Persons_Pedestrians": null, "Total_Injured_Persons_Pipeline": 80, "Total_Injured_Persons_Rail": 4461, "Total_Injured_Persons_Rail_Freight": 3505, "Total_Injured_Persons_Rail_Freight_Highway_Rail_Grade_Crossing": 598, "Total_Injured_Persons_Rail_Freight_Other_Incidents": 2490, "Total_Injured_Persons_Rail_Freight_Train_Accidents": 34, "Total_Injured_Persons_Rail_Freight_Trespassers": 383, "Total_Injured_Persons_Rail_Road_Trespassers": 483, "Total_Injured_Persons_Railroad": 624, "Total_Injured_Persons_Railroad_Alone": 7961, "Total_Injured_Persons_Railroad_Train_Accidents": 250, "Total_Injured_Persons_Recreational_Boating": null, "Total_Injured_Persons_Train_Accidents_Rail_Roads": 284, "Total_Injured_Persons_Transit_Non_Rail": null, "Total_Injured_Persons_Transit_Rail": null, "Total_Injured_Persons_Transit_Total": null, "Total_Injured_Persons_Trespassers": 100, "Total_Injured_Persons_Truck_Occupants_Large": null, "Total_Injured_Persons_Truck_Occupants_Light": null, "Total_Injured_Persons_US_Air_Carrier": null, "Total_Injured_Persons_Water": null, "Total_Injured_Persons_Water_Not_Related_To_Vessel_Casualties": null, "Total_Injured_Persons_Water_Vessel_Related": null, "Year": "2016-01-04"}]
